{"grant_value": {"probability": [0.4770056208482371, 0.12365866121614716, 0.09018906489524783, 0.09376596831885539, 0.059018906489524785, 0.049565661727133364, 0.07537046499744507, 0.018395503321410323, 0.0035769034236075624, 0.0048543689320388345, 0.0012774655084312723, 0.000510986203372509, 0.0002554931016862545, 0.000510986203372509, 0.000510986203372509, 0.0015329586101175269], "values": [5000.0, 10000.0, 20000.0, 30000.0, 40000.0, 50000.0, 100000.0, 200000.0, 300000.0, 400000.0, 500000.0, 600000.0, 700000.0, 900000.0, 1000000.0, 10000000.0]}, "sponsor": {"probability": [0.0013790725736941907, 0.0024133770039648336, 0.0013790725736941907, 0.001034304430270643, 0.0003447681434235477, 0.0003447681434235477, 0.0012066885019824168, 0.0015514566454059645, 0.0003447681434235477, 0.0005171522151353214, 0.0022409929322530597, 0.00017238407171177384, 0.0013790725736941907, 0.0005171522151353214, 0.0013790725736941907, 0.0015514566454059645, 0.00017238407171177384, 0.001034304430270643, 0.0015514566454059645, 0.0034476814342354768, 0.0008619203585588692, 0.0003447681434235477, 0.0012066885019824168, 0.00017238407171177384, 0.0017238407171177384, 0.00017238407171177384, 0.0015514566454059645, 0.0008619203585588692, 0.00017238407171177384, 0.0003447681434235477, 0.00017238407171177384, 0.0015514566454059645, 0.007240131011894501, 0.0003447681434235477, 0.0008619203585588692, 0.00017238407171177384, 0.00017238407171177384, 0.0003447681434235477, 0.00017238407171177384, 0.00017238407171177384, 0.00017238407171177384, 0.0003447681434235477, 0.0005171522151353214, 0.00017238407171177384, 0.001034304430270643, 0.00017238407171177384, 0.0008619203585588692, 0.0003447681434235477, 0.0015514566454059645, 0.0008619203585588692, 0.0003447681434235477, 0.004137217721082572, 0.00017238407171177384, 0.0005171522151353214, 0.0003447681434235477, 0.0003447681434235477, 0.0006895362868470954, 0.00017238407171177384, 0.001896224788829512, 0.001034304430270643, 0.0008619203585588692, 0.00017238407171177384, 0.0006895362868470954, 0.00017238407171177384, 0.00017238407171177384, 0.0024133770039648336, 0.0017238407171177384, 0.00017238407171177384, 0.0012066885019824168, 0.00017238407171177384, 0.00017238407171177384, 0.00017238407171177384, 0.0003447681434235477, 0.0027581451473883815, 0.00017238407171177384, 0.0025857610756766076, 0.00017238407171177384, 0.00017238407171177384, 0.00017238407171177384, 0.0003447681434235477, 0.0008619203585588692, 0.00017238407171177384, 0.002930529219100155, 0.00017238407171177384, 0.0005171522151353214, 0.00017238407171177384, 0.0036200655059472507, 0.00017238407171177384, 0.00017238407171177384, 0.0006895362868470954, 0.001034304430270643, 0.00017238407171177384, 0.0034476814342354768, 0.00017238407171177384, 0.0003447681434235477, 0.0012066885019824168, 0.004999138079641441, 0.0008619203585588692, 0.0003447681434235477, 0.0003447681434235477, 0.0006895362868470954, 0.0003447681434235477, 0.0017238407171177384, 0.00017238407171177384, 0.00017238407171177384, 0.00017238407171177384, 0.0005171522151353214, 0.12342699534563006, 0.00017238407171177384, 0.0005171522151353214, 0.001034304430270643, 0.0006895362868470954, 0.00017238407171177384, 0.00017238407171177384, 0.0003447681434235477, 0.0005171522151353214, 0.0025857610756766076, 0.0006895362868470954, 0.00017238407171177384, 0.00017238407171177384, 0.0003447681434235477, 0.001034304430270643, 0.0003447681434235477, 0.0003447681434235477, 0.00017238407171177384, 0.0003447681434235477, 0.0003447681434235477, 0.00017238407171177384, 0.0005171522151353214, 0.0003447681434235477, 0.0003447681434235477, 0.0003447681434235477, 0.0005171522151353214, 0.0003447681434235477, 0.0008619203585588692, 0.022065161179107052, 0.00017238407171177384, 0.00017238407171177384, 0.0025857610756766076, 0.0005171522151353214, 0.0003447681434235477, 0.00017238407171177384, 0.00017238407171177384, 0.00017238407171177384, 0.00017238407171177384, 0.0003447681434235477, 0.0008619203585588692, 0.00017238407171177384, 0.002930529219100155, 0.001034304430270643, 0.00017238407171177384, 0.00017238407171177384, 0.0003447681434235477, 0.0003447681434235477, 0.00017238407171177384, 0.0003447681434235477, 0.001034304430270643, 0.00017238407171177384, 0.0003447681434235477, 0.00017238407171177384, 0.00017238407171177384, 0.0003447681434235477, 0.00017238407171177384, 0.0003447681434235477, 0.00017238407171177384, 0.001896224788829512, 0.00017238407171177384, 0.00017238407171177384, 0.00017238407171177384, 0.00017238407171177384, 0.00017238407171177384, 0.0003447681434235477, 0.012239269091535943, 0.2304775038786416, 0.00017238407171177384, 0.00017238407171177384, 0.00017238407171177384, 0.00017238407171177384, 0.014652646095500776, 0.00017238407171177384, 0.004826754007929667, 0.028615755904154456, 0.0039648336493707985, 0.00017238407171177384, 0.0005171522151353214, 0.0006895362868470954, 0.0008619203585588692, 0.0027581451473883815, 0.019824168246853992, 0.00017238407171177384, 0.00017238407171177384, 0.00017238407171177384, 0.00017238407171177384, 0.0022409929322530597, 0.00017238407171177384, 0.00017238407171177384, 0.00017238407171177384, 0.00017238407171177384, 0.00017238407171177384, 0.00017238407171177384, 0.00017238407171177384, 0.007412515083606274, 0.0003447681434235477, 0.0006895362868470954, 0.2516807446991898, 0.004654369936217893, 0.001034304430270643, 0.0013790725736941907, 0.001034304430270643, 0.002930529219100155, 0.0027581451473883815, 0.012928805378383038, 0.01344595759351836, 0.008619203585588691, 0.008791587657300466, 0.0036200655059472507, 0.005171522151353215, 0.0017238407171177384, 0.0008619203585588692, 0.001034304430270643, 0.0013790725736941907, 0.010170660230994655, 0.00017238407171177384, 0.001896224788829512, 0.00017238407171177384, 0.007757283227029822, 0.004999138079641441, 0.0008619203585588692, 0.005516290294776763, 0.0003447681434235477, 0.0003447681434235477, 0.0003447681434235477, 0.0024133770039648336, 0.0025857610756766076, 0.0006895362868470954, 0.0015514566454059645, 0.0013790725736941907, 0.005516290294776763, 0.0034476814342354768, 0.001034304430270643, 0.0008619203585588692, 0.0008619203585588692, 0.0015514566454059645, 0.011032580589553526, 0.0025857610756766076],