{"grant_value": {"probability": [0.4795285359801489, 0.12655086848635236, 0.08746898263027296, 0.08622828784119106, 0.06100082712985939, 0.05252274607113317, 0.07795698924731183, 0.015715467328370553, 0.003928866832092638, 0.004755996691480562, 0.0012406947890818859, 0.00041356492969396195, 0.00041356492969396195, 0.00041356492969396195, 0.00041356492969396195, 0.0014474772539288668], "values": [5000.0, 10000.0, 20000.0, 30000.0, 40000.0, 50000.0, 100000.0, 200000.0, 300000.0, 400000.0, 500000.0, 600000.0, 700000.0, 900000.0, 1000000.0, 10000000.0]}, "sponsor": {"probability": [0.0013698630136986301, 0.002191780821917808, 0.001232876712328767, 0.0008219178082191781, 0.000273972602739726, 0.000136986301369863, 0.0008219178082191781, 0.0016438356164383563, 0.0013698630136986301, 0.000273972602739726, 0.000273972602739726, 0.0006849315068493151, 0.0027397260273972603, 0.000136986301369863, 0.001095890410958904, 0.00041095890410958907, 0.001095890410958904, 0.001232876712328767, 0.000136986301369863, 0.0009589041095890411, 0.001232876712328767, 0.0028767123287671234, 0.0006849315068493151, 0.000273972602739726, 0.0009589041095890411, 0.000136986301369863, 0.0013698630136986301, 0.000136986301369863, 0.001232876712328767, 0.0006849315068493151, 0.000136986301369863, 0.000273972602739726, 0.000136986301369863, 0.002054794520547945, 0.007671232876712329, 0.00041095890410958907, 0.0006849315068493151, 0.000136986301369863, 0.000136986301369863, 0.000273972602739726, 0.000136986301369863, 0.000136986301369863, 0.000136986301369863, 0.000273972602739726, 0.000547945205479452, 0.000136986301369863, 0.0009589041095890411, 0.000136986301369863, 0.0006849315068493151, 0.000273972602739726, 0.0015068493150684932, 0.0009589041095890411, 0.000273972602739726, 0.0032876712328767125, 0.000136986301369863, 0.0006849315068493151, 0.000273972602739726, 0.000273972602739726, 0.000547945205479452, 0.000136986301369863, 0.0019178082191780822, 0.0008219178082191781, 0.0006849315068493151, 0.000136986301369863, 0.000547945205479452, 0.000136986301369863, 0.000136986301369863, 0.0019178082191780822, 0.0013698630136986301, 0.000136986301369863, 0.0026027397260273972, 0.000136986301369863, 0.000136986301369863, 0.000136986301369863, 0.000273972602739726, 0.0032876712328767125, 0.000136986301369863, 0.0028767123287671234, 0.000136986301369863, 0.000136986301369863, 0.000136986301369863, 0.000273972602739726, 0.001095890410958904, 0.000136986301369863, 0.0028767123287671234, 0.000136986301369863, 0.00041095890410958907, 0.000136986301369863, 0.003561643835616438, 0.000136986301369863, 0.000136986301369863, 0.0006849315068493151, 0.0008219178082191781, 0.000136986301369863, 0.0028767123287671234, 0.000136986301369863, 0.000273972602739726, 0.001232876712328767, 0.004383561643835616, 0.0006849315068493151, 0.000273972602739726, 0.000273972602739726, 0.000547945205479452, 0.000273972602739726, 0.0013698630136986301, 0.000136986301369863, 0.000136986301369863, 0.000136986301369863, 0.00041095890410958907, 0.12095890410958904, 0.000136986301369863, 0.000547945205479452, 0.002054794520547945, 0.0006849315068493151, 0.000136986301369863, 0.000136986301369863, 0.00041095890410958907, 0.000547945205479452, 0.002465753424657534, 0.000547945205479452, 0.000136986301369863, 0.0006849315068493151, 0.000273972602739726, 0.0008219178082191781, 0.000273972602739726, 0.000273972602739726, 0.000136986301369863, 0.000273972602739726, 0.000273972602739726, 0.000136986301369863, 0.0006849315068493151, 0.000273972602739726, 0.000273972602739726, 0.000273972602739726, 0.00041095890410958907, 0.000273972602739726, 0.0006849315068493151, 0.022054794520547944, 0.000136986301369863, 0.000136986301369863, 0.0028767123287671234, 0.00041095890410958907, 0.000273972602739726, 0.000273972602739726, 0.000136986301369863, 0.000136986301369863, 0.000136986301369863, 0.0009589041095890411, 0.000136986301369863, 0.000273972602739726, 0.0030136986301369864, 0.000136986301369863, 0.00041095890410958907, 0.00410958904109589, 0.0009589041095890411, 0.000273972602739726, 0.000136986301369863, 0.000136986301369863, 0.000273972602739726, 0.000136986301369863, 0.000273972602739726, 0.000273972602739726, 0.00041095890410958907, 0.000273972602739726, 0.000547945205479452, 0.001095890410958904, 0.000273972602739726, 0.002191780821917808, 0.000547945205479452, 0.000136986301369863, 0.000273972602739726, 0.000273972602739726, 0.000136986301369863, 0.000273972602739726, 0.000136986301369863, 0.001780821917808219, 0.000136986301369863, 0.000136986301369863, 0.000136986301369863, 0.000136986301369863, 0.000136986301369863, 0.000136986301369863, 0.000273972602739726, 0.000136986301369863, 0.012465753424657534, 0.22575342465753426, 0.000136986301369863, 0.000273972602739726, 0.000136986301369863, 0.000136986301369863, 0.000136986301369863, 0.00041095890410958907, 0.000136986301369863, 0.000136986301369863, 0.000273972602739726, 0.000273972602739726, 0.000136986301369863, 0.0006849315068493151, 0.000136986301369863, 0.000136986301369863, 0.00041095890410958907, 0.000136986301369863, 0.000136986301369863, 0.000273972602739726, 0.000136986301369863, 0.000136986301369863, 0.000136986301369863, 0.016849315068493152, 0.000273972602739726, 0.000136986301369863, 0.000136986301369863, 0.00452054794520548, 0.000136986301369863, 0.000136986301369863, 0.000273972602739726, 0.000136986301369863, 0.02863013698630137, 0.000136986301369863, 0.000136986301369863, 0.003972602739726027, 0.000273972602739726, 0.000136986301369863, 0.000136986301369863, 0.000136986301369863, 0.000136986301369863, 0.00041095890410958907, 0.000547945205479452, 0.001095890410958904, 0.002328767123287671, 0.020136986301369862, 0.000136986301369863, 0.000136986301369863, 0.000136986301369863, 0.000136986301369863, 0.000136986301369863, 0.002054794520547945, 0.000136986301369863, 0.000136986301369863, 0.000136986301369863, 0.000136986301369863, 0.000136986301369863, 0.000136986301369863, 0.000136986301369863, 0.000136986301369863, 0.000136986301369863, 0.006575342465753425, 0.000273972602739726, 0.0008219178082191781, 0.2567123287671233, 0.004794520547945206, 0.0008219178082191781, 0.001095890410958904, 0.0008219178082191781, 0.0026027397260273972, 0.002191780821917808, 0.000136986301369863, 0.010821917808219178, 0.013424657534246575, 0.0073972602739726025, 0.00904109589041096, 0.0028767123287671234, 0.004657534246575342, 0.001780821917808219, 0.0019178082191780822, 0.0026027397260273972, 0.001232876712328767, 0.009315068493150684, 0.000273972602739726, 0.001780821917808219, 0.000136986301369863, 0.006986301369863014, 0.0042465753424657535, 0.0009589041095890411, 0.0052054794520547945, 0.000273972602739726, 0.000273972602739726, 0.00041095890410958907, 0.0031506849315068495, 0.002328767123287671, 0.000547945205479452, 0.001232876712328767, 0.0013698630136986301, 0.004794520547945206, 0.003424657534246575, 0.0008219178082191781, 0.0006849315068493151, 0.0006849315068493151, 0.0016438356164383563, 0.010684931506849316, 0.0027397260273972603],